{
    "App": {
        "FPS": 0
    },
    "Window": {
        "width": 1280,
        "height": 720,
        "brightness": 1,
        "fullscreen": false,
        "fullscreen desktop": false,
        "borderless": false,
        "resizable": true
    },
    "Camera3D": {
        "X.x": -0.63035660982131958,
        "X.y": 0,
        "X.z": -0.77632850408554077,
        "Y.x": -0.080594688653945923,
        "Y.y": 0.99460232257843018,
        "Y.z": 0.065440423786640167,
        "Z.x": 0.77212321758270264,
        "Z.y": 0.10381323844194412,
        "Z.z": -0.62694305181503296,
        "Reference.x": 17.368124008178711,
        "Reference.y": 4.094637393951416,
        "Reference.z": -13.098380088806152,
        "Position.x": 17.368124008178711,
        "Position.y": 4.094637393951416,
        "Position.z": -13.098380088806152
    },
    "Input": {},
    "Physics3D": {},
    "Renderer3D": {
        "vsync": true,
        "wireframe": false,
        "depthTest": true,
        "cullFace": true,
        "lighting": true,
        "colorMaterial": true,
        "texture2D": true,
        "blend": true,
        "alphaTest": true,
        "lineSmooth": true,
        "pointSmooth": true,
        "polygonSmooth": true
    },
    "Editor": {},
    "Hierarchy": {},
    "AssimpMeshes": {},
    "Texture": {},
    "Scene": {}
}