{
    "App": {
        "FPS": 0
    },
    "Window": {
        "width": 1280,
        "height": 720,
        "brightness": 1,
        "fullscreen": false,
        "fullscreen desktop": false,
        "borderless": false,
        "resizable": true
    },
    "Camera3D": {
        "X.x": -0.16425235569477081,
        "X.y": 0,
        "X.z": -0.98641836643218994,
        "Y.x": -0.081778742372989655,
        "Y.y": 0.99655735492706299,
        "Y.z": 0.01361729484051466,
        "Z.x": 0.98302251100540161,
        "Z.y": 0.082904733717441559,
        "Z.z": -0.16368690133094788,
        "Reference.x": 23.898212432861328,
        "Reference.y": 5.8797454833984375,
        "Reference.z": -8.5683774948120117,
        "Position.x": 23.898212432861328,
        "Position.y": 5.8797454833984375,
        "Position.z": -8.5683774948120117
    },
    "Input": {},
    "Physics3D": {},
    "Renderer3D": {},
    "Editor": {},
    "Hierarchy": {},
    "AssimpMeshes": {},
    "Texture": {},
    "Scene": {}
}