{
    "App": {
        "FPS": 0
    },
    "Window": {
        "width": 1280,
        "height": 720,
        "brightness": 1,
        "fullscreen": false,
        "fullscreen desktop": false,
        "borderless": false,
        "resizable": true
    },
    "Camera3D": {
        "X.x": -0.17952151596546173,
        "X.y": 0,
        "X.z": -0.98375445604324341,
        "Y.x": -0.19640591740608215,
        "Y.y": 0.97986757755279541,
        "Y.z": 0.03584134578704834,
        "Z.x": 0.96394908428192139,
        "Z.y": 0.19964952766895294,
        "Z.z": -0.17590737342834473,
        "Reference.x": 17.368124008178711,
        "Reference.y": 4.094637393951416,
        "Reference.z": -13.098380088806152,
        "Position.x": 17.368124008178711,
        "Position.y": 4.094637393951416,
        "Position.z": -13.098380088806152
    },
    "Input": {},
    "Physics3D": {},
    "Renderer3D": {
        "vsync": true,
        "wireframe": false,
        "depthTest": true,
        "cullFace": true,
        "lighting": true,
        "colorMaterial": true,
        "texture2D": true,
        "blend": true,
        "alphaTest": true,
        "lineSmooth": true,
        "pointSmooth": true,
        "polygonSmooth": true
    },
    "Editor": {},
    "Hierarchy": {},
    "AssimpMeshes": {},
    "Texture": {},
    "Scene": {}
}